DATE,TOTCI
1973-01-03,134.0421
1973-01-10,134.4069
1973-01-17,134.9826
1973-01-24,135.8008
1973-01-31,137.0512
1973-02-07,138.7966
1973-02-14,140.4648
1973-02-21,141.4323
1973-02-28,142.4996
1973-03-07,144.0596
1973-03-14,144.3003
1973-03-21,145.0269
1973-03-28,145.8974
1973-04-04,146.2317
1973-04-11,146.9517
1973-04-18,147.4381
1973-04-25,148.2626
1973-05-02,148.5068
1973-05-09,148.9674
1973-05-16,149.5360
1973-05-23,150.4815
1973-05-30,150.9412
1973-06-06,152.4465
1973-06-13,152.5989
1973-06-20,152.8634
1973-06-27,153.0686
1973-07-04,153.4938
1973-07-11,154.6231
1973-07-18,154.9991
1973-07-25,156.1400
1973-08-01,156.8153
1973-08-08,157.9281
1973-08-15,158.1741
1973-08-22,158.4252
1973-08-29,157.8455
1973-09-05,158.3428
1973-09-12,158.4966
1973-09-19,157.9726
1973-09-26,158.8378
1973-10-03,159.0837
1973-10-10,159.4356
1973-10-17,158.9964
1973-10-24,159.3982
1973-10-31,158.8840
1973-11-07,159.5320
1973-11-14,159.5423
1973-11-21,160.2192
1973-11-28,160.1707
1973-12-05,160.9045
1973-12-12,160.8810
1973-12-19,160.9183
1973-12-26,161.7466
1974-01-02,161.6412
1974-01-09,162.1924
1974-01-16,162.8968
1974-01-23,163.4808
1974-01-30,163.7396
1974-02-06,164.2522
1974-02-13,164.5471
1974-02-20,164.7828
1974-02-27,165.2053
1974-03-06,166.3547
1974-03-13,167.0172
1974-03-20,168.8056
1974-03-27,170.3488
1974-04-03,172.9977
1974-04-10,173.8486
1974-04-17,175.1731
1974-04-24,175.3264
1974-05-01,176.7162
1974-05-08,177.0510
1974-05-15,177.3435
1974-05-22,177.6378
1974-05-29,178.2959
1974-06-05,178.7723
1974-06-12,179.5436
1974-06-19,179.9100
1974-06-26,180.5735
1974-07-03,182.2986
1974-07-10,183.1804
1974-07-17,184.0785
1974-07-24,184.7296
1974-07-31,184.6843
1974-08-07,185.4233
1974-08-14,185.8287
1974-08-21,186.6598
1974-08-28,187.0258
1974-09-04,187.7588
1974-09-11,188.0164
1974-09-18,187.9602
1974-09-25,187.9586
1974-10-02,188.2486
1974-10-09,188.5576
1974-10-16,189.1788
1974-10-23,189.6917
1974-10-30,189.6131
1974-11-06,190.3505
1974-11-13,189.9759
1974-11-20,190.0143
1974-11-27,191.0304
1974-12-04,190.9642
1974-12-11,191.2359
1974-12-18,191.1671
1974-12-25,191.3291
1975-01-01,191.5963
1975-01-08,191.8274
1975-01-15,191.6677
1975-01-22,191.6498
1975-01-29,191.3421
1975-02-05,191.0939
1975-02-12,190.4588
1975-02-19,190.2686
1975-02-26,189.9987
1975-03-05,190.0517
1975-03-12,188.4402
1975-03-19,187.6163
1975-03-26,187.4471
1975-04-02,187.3818
1975-04-09,187.7183
1975-04-16,187.6072
1975-04-23,187.0344
1975-04-30,187.2922
1975-05-07,186.8383
1975-05-14,186.2675
1975-05-21,185.8890
1975-05-28,185.6792
1975-06-04,185.1920
1975-06-11,185.6699
1975-06-18,184.3412
1975-06-25,184.0860
1975-07-02,183.9382
1975-07-09,184.1425
1975-07-16,183.6273
1975-07-23,183.5753
1975-07-30,183.2763
1975-08-06,182.9538
1975-08-13,182.9519
1975-08-20,182.7470
1975-08-27,182.9881
1975-09-03,183.0611
1975-09-10,183.2554
1975-09-17,182.4002
1975-09-24,182.4643
1975-10-01,183.1060
1975-10-08,182.8930
1975-10-15,182.6997
1975-10-22,182.6445
1975-10-29,182.6156
1975-11-05,182.5323
1975-11-12,182.5179
1975-11-19,182.1612
1975-11-26,183.0651
1975-12-03,182.9239
1975-12-10,183.5114
1975-12-17,183.1516
1975-12-24,183.2682
1975-12-31,183.6895
1976-01-07,182.3113
1976-01-14,182.5586
1976-01-21,182.8234
1976-01-28,182.8108
1976-02-04,182.8543
1976-02-11,182.4589
1976-02-18,181.9175
1976-02-25,181.7604
1976-03-03,181.2283
1976-03-10,180.8055
1976-03-17,179.1687
1976-03-24,179.1975
1976-03-31,178.0332
1976-04-07,177.5094
1976-04-14,176.9726
1976-04-21,177.4515
1976-04-28,177.8125
1976-05-05,178.0218
1976-05-12,177.9752
1976-05-19,177.9944
1976-05-26,178.8453
1976-06-02,179.5197
1976-06-09,179.4895
1976-06-16,178.5482
1976-06-23,178.6020
1976-06-30,179.6492
1976-07-07,179.0104
1976-07-14,179.0525
1976-07-21,179.3014
1976-07-28,179.3006
1976-08-04,178.9192
1976-08-11,179.6951
1976-08-18,179.4061
1976-08-25,180.1465
1976-09-01,180.5386
1976-09-08,181.0170
1976-09-15,180.9541
1976-09-22,181.2593
1976-09-29,181.4701
1976-10-06,181.7551
1976-10-13,181.6080
1976-10-20,182.4449
1976-10-27,183.2850
1976-11-03,183.4230
1976-11-10,183.2723
1976-11-17,183.5626
1976-11-24,184.4977
1976-12-01,184.5698
1976-12-08,185.3814
1976-12-15,185.1462
1976-12-22,185.3750
1976-12-29,185.2290
1977-01-05,185.0946
1977-01-12,185.3957
1977-01-19,185.7001
1977-01-26,186.1611
1977-02-02,186.6279
1977-02-09,186.9001
1977-02-16,187.0246
1977-02-23,187.7583
1977-03-02,188.4961
1977-03-09,188.9399
1977-03-16,188.8256
1977-03-23,189.5088
1977-03-30,189.4572
1977-04-06,189.6839
1977-04-13,189.8825
1977-04-20,190.3871
1977-04-27,190.9212
1977-05-04,190.8014
1977-05-11,191.3091
1977-05-18,191.4097
1977-05-25,192.3865
1977-06-01,192.7048
1977-06-08,193.0936
1977-06-15,193.0047
1977-06-22,193.9037
1977-06-29,194.2601
1977-07-06,194.1031
1977-07-13,194.5082
1977-07-20,194.9425
1977-07-27,196.2995
1977-08-03,196.4548
1977-08-10,197.0455
1977-08-17,196.9083
1977-08-24,197.9047
1977-08-31,198.5369
1977-09-07,198.8546
1977-09-14,198.4207
1977-09-21,199.2329
1977-09-28,199.3031
1977-10-05,199.6464
1977-10-12,200.4522
1977-10-19,200.9668
1977-10-26,202.3726
1977-11-02,202.8231
1977-11-09,202.8913
1977-11-16,202.2908
1977-11-23,203.2073
1977-11-30,203.4028
1977-12-07,204.5601
1977-12-14,203.7566
1977-12-21,204.9339
1977-12-28,205.0512
1978-01-04,205.6287
1978-01-11,206.5685
1978-01-18,206.6234
1978-01-25,208.0870
1978-02-01,209.1031
1978-02-08,209.1878
1978-02-15,209.6919
1978-02-22,210.5503
1978-03-01,212.0231
1978-03-08,212.8351
1978-03-15,213.2447
1978-03-22,213.4003
1978-03-29,214.6269
1978-04-05,215.5032
1978-04-12,216.6748
1978-04-19,216.8158
1978-04-26,217.8069
1978-05-03,218.3347
1978-05-10,219.2427
1978-05-17,219.4710
1978-05-24,220.6860
1978-05-31,223.0876
1978-06-07,223.1641
1978-06-14,222.8270
1978-06-21,223.2473
1978-06-28,224.3658
1978-07-05,224.5232
1978-07-12,225.5786
1978-07-19,226.0491
1978-07-26,227.2529
1978-08-02,227.6437
1978-08-09,227.4138
1978-08-16,227.9405
1978-08-23,228.7835
1978-08-30,229.2604
1978-09-06,230.1556
1978-09-13,229.6672
1978-09-20,230.5766
1978-09-27,230.9865
1978-10-04,231.8291
1978-10-11,232.5279
1978-10-18,232.3045
1978-10-25,233.5046
1978-11-01,234.1660
1978-11-08,235.0322
1978-11-15,235.3431
1978-11-22,236.3083
1978-11-29,236.5102
1978-12-06,237.6631
1978-12-13,236.7955
1978-12-20,237.1355
1978-12-27,236.8970
1979-01-03,238.1616
1979-01-10,238.6533
1979-01-17,239.2818
1979-01-24,240.7138
1979-01-31,241.0631
1979-02-07,242.3989
1979-02-14,243.1346
1979-02-21,244.4436
1979-02-28,245.5293
1979-03-07,246.2613
1979-03-14,246.6676
1979-03-21,248.1366
1979-03-28,249.4290
1979-04-04,250.4103
1979-04-11,252.4979
1979-04-18,254.0522
1979-04-25,255.0456
1979-05-02,256.0033
1979-05-09,257.1957
1979-05-16,258.5100
1979-05-23,259.8201
1979-05-30,259.8616
1979-06-06,261.0622
1979-06-13,262.6123
1979-06-20,263.8966
1979-06-27,265.0615
1979-07-04,265.6936
1979-07-11,267.0217
1979-07-18,267.6609
1979-07-25,268.7231
1979-08-01,269.5238
1979-08-08,269.4376
1979-08-15,269.9452
1979-08-22,271.4870
1979-08-29,271.3055
1979-09-05,272.6258
1979-09-12,273.6913
1979-09-19,274.8403
1979-09-26,275.6828
1979-10-03,274.6631
1979-10-10,276.1498
1979-10-17,275.3803
1979-10-24,276.6657
1979-10-31,277.0439
1979-11-07,276.8817
1979-11-14,277.0981
1979-11-21,277.7788
1979-11-28,276.8085
1979-12-05,278.5886
1979-12-12,278.2291
1979-12-19,279.8040
1979-12-26,280.8939
1980-01-02,281.2132
1980-01-09,281.5273
1980-01-16,281.5820
1980-01-23,282.3703
1980-01-30,281.8337
1980-02-06,283.7329
1980-02-13,285.3340
1980-02-20,286.4024
1980-02-27,286.4882
1980-03-05,287.2757
1980-03-12,289.0671
1980-03-19,289.7729
1980-03-26,289.7246
1980-04-02,290.9170
1980-04-09,291.6113
1980-04-16,291.3388
1980-04-23,290.0926
1980-04-30,289.2746
1980-05-07,287.8453
1980-05-14,288.1474
1980-05-21,287.6618
1980-05-28,287.8399
1980-06-04,287.9230
1980-06-11,287.0511
1980-06-18,286.9984
1980-06-25,286.8324
1980-07-02,286.6539
1980-07-09,287.2958
1980-07-16,287.7641
1980-07-23,288.7047
1980-07-30,288.6580
1980-08-06,289.5416
1980-08-13,290.8558
1980-08-20,291.4565
1980-08-27,292.6500
1980-09-03,293.2341
1980-09-10,293.9797
1980-09-17,294.4540
1980-09-24,294.7097
1980-10-01,297.0118
1980-10-08,297.5157
1980-10-15,299.2768
1980-10-22,300.6053
1980-10-29,301.6926
1980-11-05,304.0163
1980-11-12,306.0695
1980-11-19,307.0059
1980-11-26,309.7876
1980-12-03,310.2762
1980-12-10,312.4389
1980-12-17,313.1510
1980-12-24,311.6102
1980-12-31,311.7084
1981-01-07,311.0448
1981-01-14,312.7383
1981-01-21,312.4750
1981-01-28,313.2383
1981-02-04,313.1814
1981-02-11,312.6081
1981-02-18,312.9115
1981-02-25,313.5206
1981-03-04,313.7563
1981-03-11,313.5520
1981-03-18,313.7887
1981-03-25,314.7140
1981-04-01,316.1307
1981-04-08,316.2268
1981-04-15,316.9494
1981-04-22,318.8531
1981-04-29,321.6852
1981-05-06,322.9380
1981-05-13,323.4066
1981-05-20,323.6052
1981-05-27,325.1374
1981-06-03,325.9518
1981-06-10,325.9995
1981-06-17,328.0645
1981-06-24,328.9386
1981-07-01,331.0504
1981-07-08,330.5374
1981-07-15,330.8858
1981-07-22,332.2159
1981-07-29,332.7372
1981-08-05,335.9420
1981-08-12,336.3642
1981-08-19,336.6283
1981-08-26,336.5230
1981-09-02,337.1786
1981-09-09,336.9530
1981-09-16,337.3958
1981-09-23,337.3719
1981-09-30,341.0091
1981-10-07,339.9444
1981-10-14,341.1686
1981-10-21,341.4763
1981-10-28,341.6835
1981-11-04,342.4184
1981-11-11,343.3335
1981-11-18,345.3265
1981-11-25,346.8701
1981-12-02,349.3759
1981-12-09,349.3044
1981-12-16,350.8544
1981-12-23,349.4762
1981-12-30,351.5418
1982-01-06,352.5484
1982-01-13,353.7829
1982-01-20,353.6455
1982-01-27,356.9801
1982-02-03,358.5149
1982-02-10,360.1392
1982-02-17,361.0420
1982-02-24,361.8221
1982-03-03,360.8541
1982-03-10,362.5622
1982-03-17,363.4198
1982-03-24,364.7086
1982-03-31,366.5449
1982-04-07,369.6840
1982-04-14,370.5404
1982-04-21,371.7880
1982-04-28,371.4812
1982-05-05,373.6196
1982-05-12,374.1988
1982-05-19,375.8946
1982-05-26,377.7622
1982-06-02,378.4732
1982-06-09,379.9399
1982-06-16,380.1145
1982-06-23,379.9885
1982-06-30,382.8113
1982-07-07,383.3140
1982-07-14,384.6465
1982-07-21,383.2736
1982-07-28,384.9362
1982-08-04,384.0541
1982-08-11,385.3184
1982-08-18,384.9532
1982-08-25,386.1790
1982-09-01,388.3781
1982-09-08,388.8152
1982-09-15,391.2792
1982-09-22,392.0629
1982-09-29,392.1014
1982-10-06,392.9673
1982-10-13,392.3947
1982-10-20,392.7771
1982-10-27,392.3637
1982-11-03,390.8976
1982-11-10,391.8066
1982-11-17,391.6694
1982-11-24,392.4464
1982-12-01,392.5171
1982-12-08,392.4750
1982-12-15,392.1844
1982-12-22,393.0628
1982-12-29,390.4757
1983-01-05,391.6979
1983-01-12,392.7964
1983-01-19,393.4818
1983-01-26,393.6681
1983-02-02,394.1329
1983-02-09,393.1879
1983-02-16,392.8537
1983-02-23,393.1003
1983-03-02,394.3394
1983-03-09,394.0767
1983-03-16,393.8438
1983-03-23,393.0911
1983-03-30,394.2771
1983-04-06,392.2498
1983-04-13,392.2567
1983-04-20,392.7338
1983-04-27,392.8314
1983-05-04,391.5086
1983-05-11,391.2982
1983-05-18,390.7295
1983-05-25,391.3476
1983-06-01,392.7580
1983-06-08,392.6574
1983-06-15,394.4817
1983-06-22,394.6927
1983-06-29,393.4951
1983-07-06,395.1397
1983-07-13,396.3717
1983-07-20,398.7399
1983-07-27,399.1016
1983-08-03,400.3249
1983-08-10,400.8195
1983-08-17,401.1925
1983-08-24,402.2570
1983-08-31,402.6182
1983-09-07,402.8428
1983-09-14,401.4924
1983-09-21,403.1726
1983-09-28,402.4937
1983-10-05,402.9300
1983-10-12,405.8858
1983-10-19,404.9519
1983-10-26,407.1800
1983-11-02,407.4865
1983-11-09,409.7878
1983-11-16,409.0491
1983-11-23,409.3405
1983-11-30,410.9012
1983-12-07,412.4570
1983-12-14,413.3831
1983-12-21,414.4025
1983-12-28,414.9413
1984-01-04,415.2879
1984-01-11,415.9320
1984-01-18,414.5724
1984-01-25,415.6594
1984-02-01,416.5782
1984-02-08,419.5290
1984-02-15,423.4667
1984-02-22,424.9134
1984-02-29,427.4146
1984-03-07,429.7001
1984-03-14,429.1038
1984-03-21,431.4705
1984-03-28,431.6770
1984-04-04,435.2253
1984-04-11,435.5048
1984-04-18,437.8354
1984-04-25,439.8088
1984-05-02,440.4356
1984-05-09,444.9753
1984-05-16,446.9026
1984-05-23,447.4536
1984-05-30,447.2546
1984-06-06,448.8941
1984-06-13,448.9071
1984-06-20,451.9483
1984-06-27,452.7539
1984-07-04,453.5135
1984-07-11,455.1292
1984-07-18,455.7416
1984-07-25,457.0019
1984-08-01,456.7777
1984-08-08,457.8207
1984-08-15,458.8203
1984-08-22,459.2900
1984-08-29,459.2385
1984-09-05,459.8013
1984-09-12,461.9380
1984-09-19,462.7210
1984-09-26,461.8
1984-10-03,463.3058
1984-10-10,465.6481
1984-10-17,465.1510
1984-10-24,466.3397
1984-10-31,469.5860
1984-11-07,469.7986
1984-11-14,470.8145
1984-11-21,472.1773
1984-11-28,470.6649
1984-12-05,472.3329
1984-12-12,472.9439
1984-12-19,475.2424
1984-12-26,474.1411
1985-01-02,471.1935
1985-01-09,471.5429
1985-01-16,472.5286
1985-01-23,474.1231
1985-01-30,474.0146
1985-02-06,473.3669
1985-02-13,473.5657
1985-02-20,477.3554
1985-02-27,477.8223
1985-03-06,478.915
1985-03-13,479.3129
1985-03-20,481.1113
1985-03-27,481.7885
1985-04-03,479.9985
1985-04-10,479.7309
1985-04-17,477.875
1985-04-24,478.6961
1985-05-01,478.9532
1985-05-08,479.7173
1985-05-15,480.0252
1985-05-22,481.7445
1985-05-29,481.558
1985-06-05,481.5543
1985-06-12,482.2498
1985-06-19,482.0105
1985-06-26,481.9634
1985-07-03,484.531
1985-07-10,485.4257
1985-07-17,486.8391
1985-07-24,487.4769
1985-07-31,489.5588
1985-08-07,488.4418
1985-08-14,488.6038
1985-08-21,490.4361
1985-08-28,490.6615
1985-09-04,493.0451
1985-09-11,494.4615
1985-09-18,494.5124
1985-09-25,495.4887
1985-10-02,493.6211
1985-10-09,492.9328
1985-10-16,492.397
1985-10-23,493.1565
1985-10-30,494.2493
1985-11-06,495.5527
1985-11-13,495.8675
1985-11-20,497.4136
1985-11-27,498.5228
1985-12-04,498.7128
1985-12-11,499.0331
1985-12-18,499.3826
1985-12-25,496.5548
1986-01-01,500.4887
1986-01-08,499.3899
1986-01-15,501.6468
1986-01-22,501.3334
1986-01-29,499.4295
1986-02-05,499.7185
1986-02-12,500.3781
1986-02-19,500.6645
1986-02-26,501.8596
1986-03-05,503.6417
1986-03-12,504.3725
1986-03-19,505.0656
1986-03-26,506.7519
1986-04-02,507.2971
1986-04-09,506.2017
1986-04-16,509.0301
1986-04-23,506.5241
1986-04-30,508.4645
1986-05-07,508.4249
1986-05-14,509.2475
1986-05-21,505.8225
1986-05-28,507.4895
1986-06-04,509.4212
1986-06-11,510.2281
1986-06-18,510.0014
1986-06-25,513.8582
1986-07-02,512.2359
1986-07-09,512.7698
1986-07-16,513.8546
1986-07-23,512.4881
1986-07-30,512.9917
1986-08-06,513.8331
1986-08-13,512.6605
1986-08-20,514.7462
1986-08-27,517.5491
1986-09-03,517.421
1986-09-10,517.1912
1986-09-17,517.2167
1986-09-24,516.9401
1986-10-01,519.7655
1986-10-08,516.2742
1986-10-15,517.2383
1986-10-22,518.1674
1986-10-29,517.6566
1986-11-05,520.5988
1986-11-12,523.2837
1986-11-19,522.793
1986-11-26,525.2731
1986-12-03,528.2074
1986-12-10,530.1861
1986-12-17,533.3411
1986-12-24,543.0426
1986-12-31,554.6239
1987-01-07,550.9021
1987-01-14,547.853
1987-01-21,546.9842
1987-01-28,549.6866
1987-02-04,548.1685
1987-02-11,546.6407
1987-02-18,546.5941
1987-02-25,547.2465
1987-03-04,547.0499
1987-03-11,547.4703
1987-03-18,548.9137
1987-03-25,549.1469
1987-04-01,548.7154
1987-04-08,548.5963
1987-04-15,550.4051
1987-04-22,550.7272
1987-04-29,548.4293
1987-05-06,548.1352
1987-05-13,548.9457
1987-05-20,553.9468
1987-05-27,553.6821
1987-06-03,553.1816
1987-06-10,554.7269
1987-06-17,555.3196
1987-06-24,554.541
1987-07-01,554.0792
1987-07-08,553.6034
1987-07-15,554.7114
1987-07-22,553.3138
1987-07-29,552.1646
1987-08-05,552.5316
1987-08-12,554.4184
1987-08-19,553.7741
1987-08-26,554.5578
1987-09-02,555.0559
1987-09-09,557.7289
1987-09-16,561.722
1987-09-23,562.3563
1987-09-30,565.1972
1987-10-07,562.7542
1987-10-14,562.7646
1987-10-21,562.9906
1987-10-28,563.9757
1987-11-04,563.204
1987-11-11,562.1524
1987-11-18,562.3855
1987-11-25,562.2295
1987-12-02,563.0233
1987-12-09,564.9668
1987-12-16,565.3385
1987-12-23,565.4649
1987-12-30,564.8092
1988-01-06,566.5386
1988-01-13,566.7797
1988-01-20,566.0941
1988-01-27,568.2817
1988-02-03,568.0867
1988-02-10,565.4213
1988-02-17,568.6312
1988-02-24,569.0018
1988-03-02,571.04
1988-03-09,570.4162
1988-03-16,571.7634
1988-03-23,569.8817
1988-03-30,572.7592
1988-04-06,577.6683
1988-04-13,575.0046
1988-04-20,575.0448
1988-04-27,579.6658
1988-05-04,582.3589
1988-05-11,584.4288
1988-05-18,582.2176
1988-05-25,584.6006
1988-06-01,585.0029
1988-06-08,587.1203
1988-06-15,586.2684
1988-06-22,590.2448
1988-06-29,592.005
1988-07-06,595.5611
1988-07-13,593.742
1988-07-20,593.6938
1988-07-27,593.2475
1988-08-03,593.2759
1988-08-10,596.3077
1988-08-17,594.3796
1988-08-24,593.8777
1988-08-31,594.1034
1988-09-07,595.0141
1988-09-14,595.0337
1988-09-21,596.0504
1988-09-28,594.8771
1988-10-05,598.3366
1988-10-12,600.5637
1988-10-19,598.0201
1988-10-26,598.3976
1988-11-02,600.0908
1988-11-09,600.4624
1988-11-16,600.0038
1988-11-23,601.3675
1988-11-30,602.713
1988-12-07,605.2575
1988-12-14,604.0361
1988-12-21,605.8951
1988-12-28,603.9787
1989-01-04,602.7623
1989-01-11,605.6501
1989-01-18,606.6673
1989-01-25,607.8684
1989-02-01,607.119
1989-02-08,618.0301
1989-02-15,618.2913
1989-02-22,617.2188
1989-03-01,616.1995
1989-03-08,615.9273
1989-03-15,616.7533
1989-03-22,616.2706
1989-03-29,617.1691
1989-04-05,616.1938
1989-04-12,616.5085
1989-04-19,618.9333
1989-04-26,621.6679
1989-05-03,622.7005
1989-05-10,623.0108
1989-05-17,623.667
1989-05-24,625.2715
1989-05-31,625.9298
1989-06-07,624.0503
1989-06-14,624.0959
1989-06-21,624.9453
1989-06-28,623.4181
1989-07-05,626.1563
1989-07-12,626.5815
1989-07-19,629.6174
1989-07-26,637.3944
1989-08-02,634.919
1989-08-09,634.4114
1989-08-16,635.1746
1989-08-23,635.3533
1989-08-30,635.6403
1989-09-06,638.8615
1989-09-13,637.035
1989-09-20,636.7447
1989-09-27,635.9799
1989-10-04,637.7446
1989-10-11,639.4491
1989-10-18,638.7022
1989-10-25,640.2298
1989-11-01,640.073
1989-11-08,638.7657
1989-11-15,640.4231
1989-11-22,641.1741
1989-11-29,638.57
1989-12-06,638.1314
1989-12-13,638.8731
1989-12-20,639.554
1989-12-27,635.6435
1990-01-03,634.583
1990-01-10,637.3293
1990-01-17,634.7728
1990-01-24,635.51
1990-01-31,635.975
1990-02-07,636.8016
1990-02-14,634.9582
1990-02-21,636.9848
1990-02-28,637.4256
1990-03-07,638.2577
1990-03-14,637.6968
1990-03-21,638.8981
1990-03-28,638.2484
1990-04-04,639.2414
1990-04-11,641.3506
1990-04-18,642.2469
1990-04-25,640.4551
1990-05-02,640.0263
1990-05-09,640.9691
1990-05-16,640.4552
1990-05-23,639.328
1990-05-30,637.862
1990-06-06,641.6724
1990-06-13,641.9043
1990-06-20,641.4142
1990-06-27,641.4687
1990-07-04,640.5999
1990-07-11,640.4688
1990-07-18,640.9515
1990-07-25,638.7808
1990-08-01,638.778
1990-08-08,638.5497
1990-08-15,642.4734
1990-08-22,641.8072
1990-08-29,638.7509
1990-09-05,640.8551
1990-09-12,639.8937
1990-09-19,639.7731
1990-09-26,638.7537
1990-10-03,637.6128
1990-10-10,636.7763
1990-10-17,636.4544
1990-10-24,638.5499
1990-10-31,638.2789
1990-11-07,638.1942
1990-11-14,638.2903
1990-11-21,639.7388
1990-11-28,639.3979
1990-12-05,643.2263
1990-12-12,643.051
1990-12-19,640.2935
1990-12-26,642.7251
1991-01-02,638.2476
1991-01-09,636.143
1991-01-16,637.0969
1991-01-23,636.9194
1991-01-30,633.8997
1991-02-06,635.7266
1991-02-13,635.7254
1991-02-20,636.7773
1991-02-27,635.65
1991-03-06,635.9786
1991-03-13,635.8505
1991-03-20,634.6532
1991-03-27,635.6923
1991-04-03,633.712
1991-04-10,631.8779
1991-04-17,631.239
1991-04-24,630.7034
1991-05-01,629.941
1991-05-08,627.2945
1991-05-15,627.8342
1991-05-22,627.7783
1991-05-29,627.7814
1991-06-05,627.1677
1991-06-12,626.6691
1991-06-19,625.9992
1991-06-26,626.731
1991-07-03,624.7017
1991-07-10,624.5736
1991-07-17,622.9863
1991-07-24,622.6935
1991-07-31,621.9506
1991-08-07,618.7677
1991-08-14,617.2645
1991-08-21,617.1759
1991-08-28,619.8324
1991-09-04,619.6499
1991-09-11,619.7483
1991-09-18,620.4818
1991-09-25,621.0651
1991-10-02,621.7503
1991-10-09,621.797
1991-10-16,623.4186
1991-10-23,620.9454
1991-10-30,617.938
1991-11-06,617.5284
1991-11-13,618.5059
1991-11-20,618.7992
1991-11-27,618.8054
1991-12-04,618.2868
1991-12-11,619.5362
1991-12-18,619.6704
1991-12-25,618.9533
1992-01-01,615.108
1992-01-08,614.2225
1992-01-15,614.7415
1992-01-22,612.8791
1992-01-29,612.8722
1992-02-05,611.896
1992-02-12,609.3279
1992-02-19,609.1649
1992-02-26,609.1949
1992-03-04,610.0021
1992-03-11,608.4362
1992-03-18,605.9253
1992-03-25,606.912
1992-04-01,606.634
1992-04-08,606.9851
1992-04-15,605.6726
1992-04-22,603.2594
1992-04-29,601.5478
1992-05-06,602.0901
1992-05-13,602.8284
1992-05-20,602.1913
1992-05-27,601.8817
1992-06-03,601.6292
1992-06-10,601.4233
1992-06-17,600.5549
1992-06-24,600.3239
1992-07-01,601.6175
1992-07-08,599.4793
1992-07-15,601.6016
1992-07-22,599.07
1992-07-29,597.0354
1992-08-05,597.668
1992-08-12,597.4625
1992-08-19,596.5751
1992-08-26,596.8801
1992-09-02,598.198
1992-09-09,598.1607
1992-09-16,598.6405
1992-09-23,598.5266
1992-09-30,598.3724
1992-10-07,597.8675
1992-10-14,597.3464
1992-10-21,596.2001
1992-10-28,596.2483
1992-11-04,596.1503
1992-11-11,596.8327
1992-11-18,595.8276
1992-11-25,597.9351
1992-12-02,597.6422
1992-12-09,597.0815
1992-12-16,597.3014
1992-12-23,595.7115
1992-12-30,595.8825
1993-01-06,595.2108
1993-01-13,594.3901
1993-01-20,595.5256
1993-01-27,596.4272
1993-02-03,596.2509
1993-02-10,593.5004
1993-02-17,594.0766
1993-02-24,592.2638
1993-03-03,592.9633
1993-03-10,592.5256
1993-03-17,592.6204
1993-03-24,590.4988
1993-03-31,588.6951
1993-04-07,586.4741
1993-04-14,584.6445
1993-04-21,585.1407
1993-04-28,586.1794
1993-05-05,585.5677
1993-05-12,587.1455
1993-05-19,587.1954
1993-05-26,589.1215
1993-06-02,590.8013
1993-06-09,589.5241
1993-06-16,590.8585
1993-06-23,589.7617
1993-06-30,590.4671
1993-07-07,590.0344
1993-07-14,587.0144
1993-07-21,587.4522
1993-07-28,586.6329
1993-08-04,589.1966
1993-08-11,588.4834
1993-08-18,587.4545
1993-08-25,587.7718
1993-09-01,586.2205
1993-09-08,583.5141
1993-09-15,586.8943
1993-09-22,585.3066
1993-09-29,586.2448
1993-10-06,583.1795
1993-10-13,583.4232
1993-10-20,583.4613
1993-10-27,584.7845
1993-11-03,585.0489
1993-11-10,585.1314
1993-11-17,583.9304
1993-11-24,583.3841
1993-12-01,583.0513
1993-12-08,582.5101
1993-12-15,584.7438
1993-12-22,583.8021
1993-12-29,583.1427
1994-01-05,586.5735
1994-01-12,587.5346
1994-01-19,587.813
1994-01-26,587.6269
1994-02-02,587.5197
1994-02-09,588.3143
1994-02-16,588.9439
1994-02-23,587.0517
1994-03-02,588.2505
1994-03-09,590.4425
1994-03-16,596.0225
1994-03-23,595.3074
1994-03-30,598.3935
1994-04-06,600.5416
1994-04-13,597.5107
1994-04-20,602.1474
1994-04-27,600.8859
1994-05-04,602.0909
1994-05-11,603.1883
1994-05-18,603.923
1994-05-25,606.1963
1994-06-01,607.4312
1994-06-08,606.6662
1994-06-15,609.2949
1994-06-22,610.5766
1994-06-29,609.2456
1994-07-06,611.6541
1994-07-13,615.5703
1994-07-20,617.8711
1994-07-27,619.4009
1994-08-03,618.099
1994-08-10,620.9813
1994-08-17,622.3673
1994-08-24,623.5592
1994-08-31,623.418
1994-09-07,623.2276
1994-09-14,623.2863
1994-09-21,626.4229
1994-09-28,625.672
1994-10-05,629.5856
1994-10-12,629.3487
1994-10-19,632.2096
1994-10-26,632.9738
1994-11-02,633.9287
1994-11-09,635.1879
1994-11-16,638.881
1994-11-23,639.7425
1994-11-30,641.0338
1994-12-07,641.2736
1994-12-14,641.6797
1994-12-21,646.2652
1994-12-28,645.0264
1995-01-04,646.5351
1995-01-11,650.9148
1995-01-18,652.9843
1995-01-25,656.5025
1995-02-01,662.7127
1995-02-08,663.6982
1995-02-15,665.9327
1995-02-22,666.0561
1995-03-01,672.1349
1995-03-08,670.8876
1995-03-15,674.3076
1995-03-22,674.1978
1995-03-29,674.9187
1995-04-05,673.3344
1995-04-12,676.3866
1995-04-19,675.9284
1995-04-26,680.2516
1995-05-03,682.5828
1995-05-10,686.3648
1995-05-17,685.3796
1995-05-24,686.5786
1995-05-31,687.6554
1995-06-07,688.2793
1995-06-14,689.1023
1995-06-21,691.1301
1995-06-28,691.8757
1995-07-05,697.3524
1995-07-12,697.1044
1995-07-19,697.6042
1995-07-26,698.6763
1995-08-02,703.0788
1995-08-09,703.6912
1995-08-16,703.271
1995-08-23,702.3416
1995-08-30,701.6493
1995-09-06,706.1955
1995-09-13,705.0664
1995-09-20,708.2212
1995-09-27,705.8551
1995-10-04,703.6789
1995-10-11,704.5976
1995-10-18,703.8591
1995-10-25,707.0793
1995-11-01,712.0662
1995-11-08,711.1812
1995-11-15,712.0997
1995-11-22,713.365
1995-11-29,713.6281
1995-12-06,714.947
1995-12-13,714.0032
1995-12-20,713.2708
1995-12-27,715.5028
1996-01-03,719.9846
1996-01-10,720.3401
1996-01-17,721.1242
1996-01-24,722.7075
1996-01-31,723.9048
1996-02-07,723.3258
1996-02-14,724.1607
1996-02-21,724.6872
1996-02-28,724.5968
1996-03-06,724.2633
1996-03-13,725.6288
1996-03-20,727.865
1996-03-27,729.1565
1996-04-03,730.6633
1996-04-10,731.2057
1996-04-17,731.0595
1996-04-24,731.6218
1996-05-01,735.29
1996-05-08,734.3656
1996-05-15,737.1258
1996-05-22,738.0774
1996-05-29,735.5538
1996-06-05,738.227
1996-06-12,739.7847
1996-06-19,740.8358
1996-06-26,743.8882
1996-07-03,744.6541
1996-07-10,744.0204
1996-07-17,745.0242
1996-07-24,746.4603
1996-07-31,744.9373
1996-08-07,746.0712
1996-08-14,745.3017
1996-08-21,748.5641
1996-08-28,749.231
1996-09-04,753.3004
1996-09-11,755.1928
1996-09-18,756.847
1996-09-25,762.1227
1996-10-02,765.0586
1996-10-09,764.7873
1996-10-16,766.224
1996-10-23,766.6692
1996-10-30,766.2701
1996-11-06,768.4738
1996-11-13,771.1835
1996-11-20,770.2944
1996-11-27,776.6699
1996-12-04,774.9116
1996-12-11,778.9083
1996-12-18,778.5437
1996-12-25,780.5053
1997-01-01,778.8468
1997-01-08,781.0896
1997-01-15,782.3362
1997-01-22,783.3164
1997-01-29,782.5355
1997-02-05,785.1792
1997-02-12,786.9125
1997-02-19,791.0432
1997-02-26,791.4417
1997-03-05,793.1237
1997-03-12,794.435
1997-03-19,794.5827
1997-03-26,798.4188
1997-04-02,797.0846
1997-04-09,800.4239
1997-04-16,804.1549
1997-04-23,804.0659
1997-04-30,808.7156
1997-05-07,806.3965
1997-05-14,809.5601
1997-05-21,810.0859
1997-05-28,810.4554
1997-06-04,810.2952
1997-06-11,811.2377
1997-06-18,812.0383
1997-06-25,815.0483
1997-07-02,818.0946
1997-07-09,815.884
1997-07-16,816.9714
1997-07-23,816.0474
1997-07-30,816.5669
1997-08-06,818.7504
1997-08-13,819.9042
1997-08-20,822.8191
1997-08-27,825.0452
1997-09-03,828.0937
1997-09-10,829.4812
1997-09-17,829.9702
1997-09-24,828.8663
1997-10-01,832.9059
1997-10-08,836.5202
1997-10-15,835.8828
1997-10-22,832.2675
1997-10-29,831.1905
1997-11-05,834.5838
1997-11-12,838.3751
1997-11-19,838.9693
1997-11-26,844.5576
1997-12-03,842.9278
1997-12-10,839.8961
1997-12-17,842.6276
1997-12-24,847.7865
1997-12-31,851.1572
1998-01-07,854.1829
1998-01-14,852.9716
1998-01-21,857.6392
1998-01-28,856.5857
1998-02-04,858.2891
1998-02-11,858.6259
1998-02-18,861.7804
1998-02-25,865.5959
1998-03-04,870.3767
1998-03-11,869.7356
1998-03-18,864.7639
1998-03-25,864.3069
1998-04-01,862.4406
1998-04-08,862.8555
1998-04-15,864.715
1998-04-22,864.1362
1998-04-29,865.1583
1998-05-06,869.605
1998-05-13,870.6389
1998-05-20,877.4297
1998-05-27,880.1629
1998-06-03,884.466
1998-06-10,888.2975
1998-06-17,892.392
1998-06-24,891.8849
1998-07-01,895.065
1998-07-08,895.1674
1998-07-15,898.0763
1998-07-22,896.5328
1998-07-29,900.7143
1998-08-05,899.8584
1998-08-12,903.0009
1998-08-19,904.897
1998-08-26,905.2612
1998-09-02,906.6133
1998-09-09,908.2047
1998-09-16,914.0542
1998-09-23,915.6236
1998-09-30,913.566
1998-10-07,920.4361
1998-10-14,927.8835
1998-10-21,934.4038
1998-10-28,938.9879
1998-11-04,940.8312
1998-11-11,942.8596
1998-11-18,944.5384
1998-11-25,942.6473
1998-12-02,938.9862
1998-12-09,942.6069
1998-12-16,941.3002
1998-12-23,936.2965
1998-12-30,936.6607
1999-01-06,939.0589
1999-01-13,938.5405
1999-01-20,939.1793
1999-01-27,936.5602
1999-02-03,934.5786
1999-02-10,935.671
1999-02-17,935.4998
1999-02-24,935.4837
1999-03-03,939.1294
1999-03-10,938.338
1999-03-17,943.6479
1999-03-24,949.0624
1999-03-31,948.6607
1999-04-07,947.7745
1999-04-14,947.9729
1999-04-21,949.7193
1999-04-28,944.5664
1999-05-05,943.0811
1999-05-12,943.3269
1999-05-19,939.7079
1999-05-26,941.4838
1999-06-02,944.9542
1999-06-09,947.2018
1999-06-16,951.0261
1999-06-23,950.2237
1999-06-30,951.7218
1999-07-07,952.7242
1999-07-14,957.1625
1999-07-21,959.0936
1999-07-28,962.544
1999-08-04,964.4534
1999-08-11,965.8238
1999-08-18,966.4647
1999-08-25,971.8827
1999-09-01,976.057
1999-09-08,975.7578
1999-09-15,975.3683
1999-09-22,973.7508
1999-09-29,976.31
1999-10-06,972.6538
1999-10-13,970.0989
1999-10-20,978.908
1999-10-27,982.5396
1999-11-03,992.9781
1999-11-10,997.9817
1999-11-17,1000.5575
1999-11-24,1001.3296
1999-12-01,1005.3454
1999-12-08,1003.6962
1999-12-15,1001.92
1999-12-22,999.5705
1999-12-29,1000.0484
2000-01-05,995.3431
2000-01-12,998.8995
2000-01-19,1002.3912
2000-01-26,1005.9933
2000-02-02,1016.8877
2000-02-09,1015.9826
2000-02-16,1019.0675
2000-02-23,1014.653
2000-03-01,1016.7539
2000-03-08,1020.9903
2000-03-15,1028.07
2000-03-22,1028.7947
2000-03-29,1027.8462
2000-04-05,1027.7716
2000-04-12,1031.4829
2000-04-19,1035.49
2000-04-26,1038.9301
2000-05-03,1043.7977
2000-05-10,1048.3804
2000-05-17,1052.5887
2000-05-24,1054.7174
2000-05-31,1055.8115
2000-06-07,1061.5657
2000-06-14,1059.9941
2000-06-21,1065.6532
2000-06-28,1062.8305
2000-07-05,1065.9177
2000-07-12,1068.5907
2000-07-19,1068.2022
2000-07-26,1069.8862
2000-08-02,1069.8712
2000-08-09,1072.8443
2000-08-16,1071.9725
2000-08-23,1072.722
2000-08-30,1069.7918
2000-09-06,1072.0047
2000-09-13,1065.8913
2000-09-20,1074.9703
2000-09-27,1077.242
2000-10-04,1077.1053
2000-10-11,1076.7372
2000-10-18,1075.3503
2000-10-25,1080.1288
2000-11-01,1080.8306
2000-11-08,1076.4788
2000-11-15,1083.3961
2000-11-22,1081.423
2000-11-29,1080.6445
2000-12-06,1081.0974
2000-12-13,1078.096
2000-12-20,1088.2625
2000-12-27,1090.1845
2001-01-03,1090.3823
2001-01-10,1091.9563
2001-01-17,1093.38
2001-01-24,1097.6762
2001-01-31,1094.8301
2001-02-07,1094.595
2001-02-14,1091.8836
2001-02-21,1093.8259
2001-02-28,1096.9548
2001-03-07,1093.7062
2001-03-14,1092.2069
2001-03-21,1091.016
2001-03-28,1092.1412
2001-04-04,1089.0768
2001-04-11,1090.4135
2001-04-18,1089.3318
2001-04-25,1088.3378
2001-05-02,1088.4861
2001-05-09,1088.14
2001-05-16,1084.3948
2001-05-23,1082.9837
2001-05-30,1080.6712
2001-06-06,1077.6691
2001-06-13,1073.9836
2001-06-20,1071.0109
2001-06-27,1069.993
2001-07-04,1063.0556
2001-07-11,1063.9898
2001-07-18,1065.0564
2001-07-25,1064.9321
2001-08-01,1062.1574
2001-08-08,1057.2313
2001-08-15,1058.067
2001-08-22,1054.1832
2001-08-29,1053.6952
2001-09-05,1053.8073
2001-09-12,1070.8844
2001-09-19,1059.5319
2001-09-26,1054.763
2001-10-03,1053.4691
2001-10-10,1049.9216
2001-10-17,1046.4902
2001-10-24,1040.7604
2001-10-31,1037.5553
2001-11-07,1037.4231
2001-11-14,1037.931
2001-11-21,1034.3627
2001-11-28,1028.2424
2001-12-05,1028.1823
2001-12-12,1027.2157
2001-12-19,1021.3957
2001-12-26,1018.2419
2002-01-02,1013.4598
2002-01-09,1016.545
2002-01-16,1013.2655
2002-01-23,1009.7633
2002-01-30,1007.9895
2002-02-06,1015.1129
2002-02-13,1014.8124
2002-02-20,1019.933
2002-02-27,1017.6734
2002-03-06,1013.5797
2002-03-13,1009.2163
2002-03-20,1013.9886
2002-03-27,1011.7461
2002-04-03,1009.9764
2002-04-10,1005.2394
2002-04-17,1000.4843
2002-04-24,998.0494
2002-05-01,991.9765
2002-05-08,989.8794
2002-05-15,990.1885
2002-05-22,991.9093
2002-05-29,991.929
2002-06-05,989.8798
2002-06-12,987.2463
2002-06-19,982.4744
2002-06-26,980.6929
2002-07-03,979.864
2002-07-10,977.5364
2002-07-17,977.3082
2002-07-24,976.1767
2002-07-31,974.353
2002-08-07,974.2936
2002-08-14,972.4621
2002-08-21,972.0952
2002-08-28,971.1334
2002-09-04,972.3508
2002-09-11,966.9085
2002-09-18,964.9854
2002-09-25,966.4444
2002-10-02,962.4514
2002-10-09,962.3934
2002-10-16,965.0649
2002-10-23,962.7369
2002-10-30,961.5339
2002-11-06,961.7732
2002-11-13,958.1684
2002-11-20,959.6081
2002-11-27,962.5954
2002-12-04,961.3445
2002-12-11,958.7073
2002-12-18,957.0215
2002-12-25,959.8206
2003-01-01,953.2137
2003-01-08,954.366
2003-01-15,952.0645
2003-01-22,949.8051
2003-01-29,947.0731
2003-02-05,942.0632
2003-02-12,943.0005
2003-02-19,942.0115
2003-02-26,940.1425
2003-03-05,939.5433
2003-03-12,939.21
2003-03-19,935.929
2003-03-26,935.7406
2003-04-02,937.7015
2003-04-09,937.0619
2003-04-16,938.2514
2003-04-23,933.0992
2003-04-30,931.2192
2003-05-07,928.5169
2003-05-14,926.961
2003-05-21,922.7308
2003-05-28,921.3053
2003-06-04,916.2654
2003-06-11,915.9517
2003-06-18,914.4395
2003-06-25,915.8885
2003-07-02,926.312
2003-07-09,924.3536
2003-07-16,922.5406
2003-07-23,921.4424
2003-07-30,917.5834
2003-08-06,913.0677
2003-08-13,910.2957
2003-08-20,908.5114
2003-08-27,908.8631
2003-09-03,907.2507
2003-09-10,902.9792
2003-09-17,900.8751
2003-09-24,897.8925
2003-10-01,893.953
2003-10-08,889.5426
2003-10-15,889.7201
2003-10-22,884.9044
2003-10-29,884.1
2003-11-05,882.0146
2003-11-12,883.9613
2003-11-19,879.7737
2003-11-26,883.1571
2003-12-03,879.2295
2003-12-10,880.6952
2003-12-17,893.9662
2003-12-24,881.6625
2003-12-31,880.1465
2004-01-07,878.5762
2004-01-14,875.6217
2004-01-21,876.2609
2004-01-28,875.6738
2004-02-04,874.9277
2004-02-11,876.1139
2004-02-18,876.0789
2004-02-25,872.4411
2004-03-03,872.4781
2004-03-10,872.339
2004-03-17,868.8541
2004-03-24,869.6339
2004-03-31,865.2759
2004-04-07,865.5227
2004-04-14,865.7449
2004-04-21,862.1421
2004-04-28,865.4427
2004-05-05,861.328
2004-05-12,860.907
2004-05-19,862.0367
2004-05-26,865.3057
2004-06-02,864.5823
2004-06-09,866.1966
2004-06-16,868.899
2004-06-23,870.5492
2004-06-30,872.1969
2004-07-07,876.4996
2004-07-14,876.9809
2004-07-21,879.2587
2004-07-28,878.9946
2004-08-04,880.2549
2004-08-11,881.8714
2004-08-18,880.8319
2004-08-25,885.306
2004-09-01,886.3022
2004-09-08,886.2876
2004-09-15,888.7978
2004-09-22,885.87
2004-09-29,886.9558
2004-10-06,883.6598
2004-10-13,885.603
2004-10-20,889.2779
2004-10-27,895.0255
2004-11-03,894.3839
2004-11-10,898.5813
2004-11-17,896.4299
2004-11-24,898.291
2004-12-01,899.0355
2004-12-08,901.8772
2004-12-15,904.0512
2004-12-22,903.7271
2004-12-29,914.3127
2005-01-05,916.635
2005-01-12,918.7735
2005-01-19,921.1337
2005-01-26,922.8025
2005-02-02,928.3875
2005-02-09,929.6729
2005-02-16,931.3
2005-02-23,933.5509
2005-03-02,934.5718
2005-03-09,942.1581
2005-03-16,946.4388
2005-03-23,947.6323
2005-03-30,948.9997
2005-04-06,954.3004
2005-04-13,958.9672
2005-04-20,958.1278
2005-04-27,961.9854
2005-05-04,959.0609
2005-05-11,963.7823
2005-05-18,966.9883
2005-05-25,975.9115
2005-06-01,974.0173
2005-06-08,972.059
2005-06-15,975.7505
2005-06-22,975.1609
2005-06-29,976.1481
2005-07-06,983.5607
2005-07-13,986.2426
2005-07-20,991.0109
2005-07-27,993.6944
2005-08-03,995.6189
2005-08-10,993.3376
2005-08-17,997.3669
2005-08-24,997.2197
2005-08-31,995.8633
2005-09-07,994.1191
2005-09-14,997.3142
2005-09-21,1001.2552
2005-09-28,1007.8709
2005-10-05,1012.5187
2005-10-12,1012.66
2005-10-19,1014.2992
2005-10-26,1015.8363
2005-11-02,1017.4312
2005-11-09,1019.1597
2005-11-16,1022.919
2005-11-23,1025.8595
2005-11-30,1024.2588
2005-12-07,1029.5431
2005-12-14,1031.8764
2005-12-21,1036.624
2005-12-28,1043.304
2006-01-04,1044.1709
2006-01-11,1044.2826
2006-01-18,1046.2522
2006-01-25,1053.1906
2006-02-01,1054.9355
2006-02-08,1053.6529
2006-02-15,1057.211
2006-02-22,1060.348
2006-03-01,1063.8527
2006-03-08,1061.6786
2006-03-15,1069.8896
2006-03-22,1067.3552
2006-03-29,1072.7745
2006-04-05,1081.4413
2006-04-12,1074.5836
2006-04-19,1083.9056
2006-04-26,1090.6615
2006-05-03,1099.4839
2006-05-10,1100.6541
2006-05-17,1103.8973
2006-05-24,1103.98
2006-05-31,1105.7186
2006-06-07,1119.4011
2006-06-14,1119.9076
2006-06-21,1113.4878
2006-06-28,1119.7105
2006-07-05,1127.6505
2006-07-12,1124.6206
2006-07-19,1129.2987
2006-07-26,1130.4562
2006-08-02,1144.5449
2006-08-09,1148.5437
2006-08-16,1157.3288
2006-08-23,1153.433
2006-08-30,1152.1139
2006-09-06,1153.0447
2006-09-13,1149.0375
2006-09-20,1154.6657
2006-09-27,1146.335
2006-10-04,1155.9541
2006-10-11,1154.9111
2006-10-18,1156.8089
2006-10-25,1165.5803
2006-11-01,1172.8595
2006-11-08,1170.0742
2006-11-15,1167.7842
2006-11-22,1170.0808
2006-11-29,1170.5587
2006-12-06,1179.4867
2006-12-13,1176.9771
2006-12-20,1189.6348
2006-12-27,1181.5187
2007-01-03,1186.7281
2007-01-10,1190.3782
2007-01-17,1193.8833
2007-01-24,1194.1842
2007-01-31,1193.6674
2007-02-07,1199.1595
2007-02-14,1200.9949
2007-02-21,1205.9833
2007-02-28,1213.9454
2007-03-07,1212.1415
2007-03-14,1210.0314
2007-03-21,1218.5488
2007-03-28,1218.9137
2007-04-04,1223.5682
2007-04-11,1221.9424
2007-04-18,1224.4193
2007-04-25,1228.6356
2007-05-02,1234.9729
2007-05-09,1242.4481
2007-05-16,1248.7616
2007-05-23,1240.8643
2007-05-30,1246.5718
2007-06-06,1257.6204
2007-06-13,1256.8223
2007-06-20,1268.8706
2007-06-27,1265.0698
2007-07-04,1278.0407
2007-07-11,1281.5081
2007-07-18,1280.5563
2007-07-25,1284.7749
2007-08-01,1282.6665
2007-08-08,1292.3068
2007-08-15,1300.5822
2007-08-22,1313.5973
2007-08-29,1321.029
2007-09-05,1331.1611
2007-09-12,1344.4169
2007-09-19,1351.9717
2007-09-26,1359.6672
2007-10-03,1363.2061
2007-10-10,1376.3859
2007-10-17,1377.889
2007-10-24,1373.2914
2007-10-31,1376.808
2007-11-07,1377.8006
2007-11-14,1384.7575
2007-11-21,1401.9136
2007-11-28,1405.5221
2007-12-05,1412.5274
2007-12-12,1409.1084
2007-12-19,1412.0709
2007-12-26,1423.8712
2008-01-02,1434.2031
2008-01-09,1437.61
2008-01-16,1441.3392
2008-01-23,1440.6226
2008-01-30,1446.0986
2008-02-06,1441.6816
2008-02-13,1445.7111
2008-02-20,1450.4452
2008-02-27,1454.4044
2008-03-05,1459.4967
2008-03-12,1465.9974
2008-03-19,1466.9066
2008-03-26,1478.0316
2008-04-02,1483.4293
2008-04-09,1485.9681
2008-04-16,1494.848
2008-04-23,1492.787
2008-04-30,1488.6782
2008-05-07,1487.8176
2008-05-14,1491.7544
2008-05-21,1493.7172
2008-05-28,1492.411
2008-06-04,1489.0381
2008-06-11,1494.021
2008-06-18,1495.8958
2008-06-25,1504.7106
2008-07-02,1505.3979
2008-07-09,1509.6158
2008-07-16,1512.5335
2008-07-23,1512.4978
2008-07-30,1515.6052
2008-08-06,1515.249
2008-08-13,1515.3159
2008-08-20,1511.9156
2008-08-27,1513.3419
2008-09-03,1512.3571
2008-09-10,1509.1448
2008-09-17,1524.0967
2008-09-24,1543.0083
2008-10-01,1559.4078
2008-10-08,1576.5199
2008-10-15,1592.1693
2008-10-22,1597.1011
2008-10-29,1586.7507
2008-11-05,1578.8078
2008-11-12,1581.1135
2008-11-19,1569.4191
2008-11-26,1576.3124
2008-12-03,1572.1716
2008-12-10,1571.906
2008-12-17,1565.2373
2008-12-24,1554.5942
2008-12-31,1537.8129
2009-01-07,1541.9035
2009-01-14,1544.7833
2009-01-21,1547.2341
2009-01-28,1545.2642
2009-02-04,1544.6181
2009-02-11,1536.7727
2009-02-18,1533.6645
2009-02-25,1526.4376
2009-03-04,1519.148
2009-03-11,1519.2176
2009-03-18,1509.191
2009-03-25,1507.9524
2009-04-01,1502.7646
2009-04-08,1498.6653
2009-04-15,1494.343
2009-04-22,1484.2938
2009-04-29,1488.8799
2009-05-06,1482.7714
2009-05-13,1473.7086
2009-05-20,1467.6179
2009-05-27,1465.7347
2009-06-03,1451.4588
2009-06-10,1446.9176
2009-06-17,1436.3493
2009-06-24,1435.9882
2009-07-01,1416.5341
2009-07-08,1400.8784
2009-07-15,1401.8852
2009-07-22,1393.6912
2009-07-29,1386.2215
2009-08-05,1381.4452
2009-08-12,1369.6161
2009-08-19,1359.6268
2009-08-26,1357.2666
2009-09-02,1351.2402
2009-09-09,1348.5831
2009-09-16,1340.4176
2009-09-23,1334.9226
2009-09-30,1322.8448
2009-10-07,1318.4766
2009-10-14,1310.9277
2009-10-21,1302.2904
2009-10-28,1303.9825
2009-11-04,1298.3857
2009-11-11,1297.4871
2009-11-18,1288.6881
2009-11-25,1287.1535
2009-12-02,1279.9402
2009-12-09,1274.1175
2009-12-16,1268.51
2009-12-23,1260.2489
2009-12-30,1256.7317
2010-01-06,1246.2025
2010-01-13,1238.8433
2010-01-20,1240.0276
2010-01-27,1234.8553
2010-02-03,1231.2446
2010-02-10,1229.5382
2010-02-17,1223.2399
2010-02-24,1219.1821
2010-03-03,1215.4356
2010-03-10,1213.1024
2010-03-17,1212.42
2010-03-24,1201.4913
2010-03-31,1210.7849
2010-04-07,1209.3632
2010-04-14,1210.2035
2010-04-21,1208.5713
2010-04-28,1204.9206
2010-05-05,1196.8097
2010-05-12,1200.6161
2010-05-19,1196.4921
2010-05-26,1195.6911
2010-06-02,1193.1218
2010-06-09,1190.7562
2010-06-16,1193.2663
2010-06-23,1191.2533
2010-06-30,1184.3204
2010-07-07,1190.2844
2010-07-14,1188.415
2010-07-21,1187.5068
2010-07-28,1190.0658
2010-08-04,1188.2472
2010-08-11,1190.4596
2010-08-18,1187.1857
2010-08-25,1186.4709
2010-09-01,1186.8126
2010-09-08,1188.7255
2010-09-15,1186.9318
2010-09-22,1183.2886
2010-09-29,1185.0812
2010-10-06,1182.6782
2010-10-13,1181.8528
2010-10-20,1185.7927
2010-10-27,1188.2575
2010-11-03,1186.503
2010-11-10,1187.6235
2010-11-17,1186.9028
2010-11-24,1186.9161
2010-12-01,1187.5343
2010-12-08,1189.532
2010-12-15,1192.4332
2010-12-22,1195.7436
2010-12-29,1192.7066
2011-01-05,1192.861
2011-01-12,1197.4168
2011-01-19,1197.1389
2011-01-26,1195.0536
2011-02-02,1196.9712
2011-02-09,1196.0551
2011-02-16,1199.4202
2011-02-23,1201.1291
2011-03-02,1204.4424
2011-03-09,1202.6532
2011-03-16,1207.9687
2011-03-23,1208.4372
2011-03-30,1208.4322
2011-04-06,1210.7207
2011-04-13,1209.3886
2011-04-20,1217.481
2011-04-27,1217.7416
2011-05-04,1222.8179
2011-05-11,1229.9163
2011-05-18,1223.6507
2011-05-25,1229.6553
2011-06-01,1237.1539
2011-06-08,1232.3416
2011-06-15,1234.491
2011-06-22,1231.5304
2011-06-29,1235.143
2011-07-06,1237.2087
2011-07-13,1239.1753
2011-07-20,1242.9526
2011-07-27,1250.891
2011-08-03,1254.5217
2011-08-10,1257.1827
2011-08-17,1262.5061
2011-08-24,1267.6158
2011-08-31,1269.7622
2011-09-07,1269.8926
2011-09-14,1268.6629
2011-09-21,1269.2648
2011-09-28,1270.1269
2011-10-05,1272.5419
2011-10-12,1275.5006
2011-10-19,1279.0733
2011-10-26,1283.4652
2011-11-02,1291.1026
2011-11-09,1292.5332
2011-11-16,1293.4239
2011-11-23,1292.5415
2011-11-30,1293.7821
2011-12-07,1297.7518
2011-12-14,1301.4552
2011-12-21,1304.9473
2011-12-28,1307.9332
2012-01-04,1311.5313
2012-01-11,1315.3033
2012-01-18,1317.3235
2012-01-25,1321.2439
2012-02-01,1339.8424
2012-02-08,1339.8542
2012-02-15,1345.8703
2012-02-22,1344.3059
2012-02-29,1348.351
2012-03-07,1347.0002
2012-03-14,1347.8967
2012-03-21,1349.6919
2012-03-28,1354.5688
2012-04-04,1361.9154
2012-04-11,1368.0806
2012-04-18,1368.1188
2012-04-25,1371.0167
2012-05-02,1371.3267
2012-05-09,1374.2048
2012-05-16,1376.0337
2012-05-23,1380.8887
2012-05-30,1384.5983
2012-06-06,1393.5885
2012-06-13,1394.6118
2012-06-20,1400.122
2012-06-27,1399.262
2012-07-04,1406.5863
2012-07-11,1408.8682
2012-07-18,1413.5979
2012-07-25,1415.9522
2012-08-01,1421.2919
2012-08-08,1426.4922
2012-08-15,1424.4716
2012-08-22,1425.9009
2012-08-29,1425.8212
2012-09-05,1430.4022
2012-09-12,1430.4597
2012-09-19,1430.756
2012-09-26,1439.6437
2012-10-03,1443.1979
2012-10-10,1448.3152
2012-10-17,1448.9734
2012-10-24,1447.9229
2012-10-31,1454.7785
2012-11-07,1458.0287
2012-11-14,1458.6914
2012-11-21,1460.3075
2012-11-28,1450.8874
2012-12-05,1461.8798
2012-12-12,1464.5092
2012-12-19,1475.3194
2012-12-26,1482.3832
2013-01-02,1488.8815
2013-01-09,1486.0231
2013-01-16,1481.8824
2013-01-23,1483.7812
2013-01-30,1486.6499
2013-02-06,1491.1876
2013-02-13,1489.4146
2013-02-20,1492.598
2013-02-27,1491.9307
2013-03-06,1497.6471
2013-03-13,1498.4403
2013-03-20,1496.4837
2013-03-27,1504.5064
2013-04-03,1503.0328
2013-04-10,1504.336
2013-04-17,1508.8708
2013-04-24,1506.903
2013-05-01,1511.4417
2013-05-08,1504.0218
2013-05-15,1511.9917
2013-05-22,1510.972
2013-05-29,1511.353
2013-06-05,1519.5927
2013-06-12,1521.9098
2013-06-19,1519.4223
2013-06-26,1523.7198
2013-07-03,1524.7126
2013-07-10,1523.1074
2013-07-17,1532.6934
2013-07-24,1537.4544
2013-07-31,1536.7034
2013-08-07,1532.6739
2013-08-14,1532.597
2013-08-21,1533.1496
2013-08-28,1532.6444
2013-09-04,1538.1643
2013-09-11,1538.0161
2013-09-18,1540.7174
2013-09-25,1535.8454
2013-10-02,1548.7784
2013-10-09,1541.4896
2013-10-16,1554.163
2013-10-23,1548.6984
2013-10-30,1553.3935
2013-11-06,1550.0691
2013-11-13,1555.2534
2013-11-20,1554.4822
2013-11-27,1568.8476
2013-12-04,1569.213
2013-12-11,1571.861
2013-12-18,1569.1421
2013-12-25,1576.9315
2014-01-01,1583.5754
2014-01-08,1582.6044
2014-01-15,1580.8207
2014-01-22,1587.8446
2014-01-29,1591.0872
2014-02-05,1604.1972
2014-02-12,1613.0409
2014-02-19,1623.3619
2014-02-26,1628.9216
2014-03-05,1639.2952
2014-03-12,1633.4009
2014-03-19,1631.1361
2014-03-26,1632.4003
2014-04-02,1637.2031
2014-04-09,1647.7707
2014-04-16,1654.121
2014-04-23,1650.7029
2014-04-30,1655.0432
2014-05-07,1660.2635
2014-05-14,1662.491
2014-05-21,1662.9106
2014-05-28,1668.2945
2014-06-04,1663.8352
2014-06-11,1670.4443
2014-06-18,1673.4802
2014-06-25,1681.8885
2014-07-02,1693.2876
2014-07-09,1693.0387
2014-07-16,1693.3387
2014-07-23,1692.7257
2014-07-30,1698.8578
2014-08-06,1704.3778
2014-08-13,1711.1971
2014-08-20,1713.4048
2014-08-27,1712.1098
2014-09-03,1721.3278
2014-09-10,1720.6637
2014-09-17,1729.8029
2014-09-24,1725.1378
2014-10-01,1729.3706
2014-10-08,1724.888
2014-10-15,1728.9718
2014-10-22,1731.4796
2014-10-29,1735.5629
2014-11-05,1736.2347
2014-11-12,1743.5571
2014-11-19,1751.725
2014-11-26,1765.1417
2014-12-03,1759.6339
2014-12-10,1769.4631
2014-12-17,1773.9871
2014-12-24,1782.0417
2014-12-31,1773.3998
2015-01-07,1784.0851
2015-01-14,1793.3229
2015-01-21,1794.4559
2015-01-28,1793.3699
2015-02-04,1793.0706
2015-02-11,1798.6855
2015-02-18,1808.4818
2015-02-25,1816.2573
2015-03-04,1829.1517
2015-03-11,1831.1628
2015-03-18,1835.8455
2015-03-25,1834.9763
2015-04-01,1841.0596
2015-04-08,1839.3077
2015-04-15,1849.9767
2015-04-22,1848.7254
2015-04-29,1852.369
2015-05-06,1852.976
2015-05-13,1857.2504
2015-05-20,1866.6567
2015-05-27,1871.0745
2015-06-03,1869.8962
2015-06-10,1876.5837
2015-06-17,1878.4927
2015-06-24,1882.7247
2015-07-01,1887.9083
2015-07-08,1887.7811
2015-07-15,1890.8974
2015-07-22,1890.4878
2015-07-29,1887.0449
2015-08-05,1894.5242
2015-08-12,1897.4631
2015-08-19,1901.6896
2015-08-26,1911.7853
2015-09-02,1911.6
2015-09-09,1912.003
2015-09-16,1915.9316
2015-09-23,1912.9378
2015-09-30,1921.2324
2015-10-07,1926.0156
2015-10-14,1933.7432
2015-10-21,1927.7188
2015-10-28,1931.0865
2015-11-04,1932.1409
2015-11-11,1947.7512
2015-11-18,1945.697
2015-11-25,1948.1905
2015-12-02,1952.3986
2015-12-09,1952.0564
2015-12-16,1954.5603
2015-12-23,1952.4597
2015-12-30,1952.6019
2016-01-06,1954.7406
2016-01-13,1951.4578
2016-01-20,1963.2232
2016-01-27,1972.0791
2016-02-03,1985.951
2016-02-10,1977.5508
2016-02-17,1978.9637
2016-02-24,1984.9508
2016-03-02,2015.7795
2016-03-09,2021.8911
2016-03-16,2021.0894
2016-03-23,2017.1751
2016-03-30,2016.792
2016-04-06,2024.6593
2016-04-13,2031.439
2016-04-20,2034.7967
2016-04-27,2036.1129
2016-05-04,2041.9042
2016-05-11,2044.8042
2016-05-18,2043.629
2016-05-25,2053.8431
2016-06-01,2053.0737
2016-06-08,2050.3696
2016-06-15,2048.2575
2016-06-22,2046.3416
2016-06-29,2055.7046
2016-07-06,2061.9769
2016-07-13,2061.2401
2016-07-20,2057.4651
2016-07-27,2054.1184
2016-08-03,2051.719
2016-08-10,2050.7543
2016-08-17,2049.201
2016-08-24,2051.3696
2016-08-31,2053.7516
2016-09-07,2065.3425
2016-09-14,2066.2041
2016-09-21,2072.4021
2016-09-28,2074.7317
2016-10-05,2078.6431
2016-10-12,2082.5069
2016-10-19,2088.4747
2016-10-26,2090.2141
2016-11-02,2088.2639
2016-11-09,2087.6336
2016-11-16,2089.9431
2016-11-23,2089.2393
2016-11-30,2089.9661
2016-12-07,2090.0882
2016-12-14,2085.6902
2016-12-21,2083.8482
2016-12-28,2078.4636
2017-01-04,2076.5276
2017-01-11,2083.3463
2017-01-18,2083.8635
2017-01-25,2083.303
2017-02-01,2082.2949
2017-02-08,2081.8144
2017-02-15,2079.5557
2017-02-22,2083.4753
2017-03-01,2085.5277
2017-03-08,2072.628
2017-03-15,2078.258
2017-03-22,2057.2751
2017-03-29,2055.7686
2017-04-05,2062.272
2017-04-12,2066.1352
2017-04-19,2063.96
2017-04-26,2069.6391
2017-05-03,2075.0312
2017-05-10,2068.2713
2017-05-17,2072.9152
2017-05-24,2072.9388
2017-05-31,2069.6708
2017-06-07,2070.4326
2017-06-14,2069.5407
2017-06-21,2078.232
2017-06-28,2072.928
2017-07-05,2072.9781
2017-07-12,2072.5667
2017-07-19,2075.6686
2017-07-26,2077.976
2017-08-02,2082.5721
2017-08-09,2082.6102
2017-08-16,2081.9948
2017-08-23,2084.4654
2017-08-30,2086.7399
2017-09-06,2090.3692
2017-09-13,2095.4679
2017-09-20,2108.2827
2017-09-27,2109.7792
2017-10-04,2117.2728
2017-10-11,2117.9331
2017-10-18,2108.7964
2017-10-25,2110.3663
2017-11-01,2108.1511
2017-11-08,2107.6949
2017-11-15,2105.7125
2017-11-22,2103.0143
2017-11-29,2102.5182
2017-12-06,2099.1818
2017-12-13,2099.0581
2017-12-20,2102.8906
2017-12-27,2106.6181
2018-01-03,2111.4147
2018-01-10,2108.5164
2018-01-17,2110.4768
2018-01-24,2104.4407
2018-01-31,2104.0935
2018-02-07,2101.7939
2018-02-14,2102.1265
2018-02-21,2114.5722
2018-02-28,2117.0646
2018-03-07,2122.2146
2018-03-14,2126.9673
2018-03-21,2110.0429
2018-03-28,2115.0184
2018-04-04,2148.7348
2018-04-11,2161.9549
2018-04-18,2164.8441
2018-04-25,2168.6956
2018-05-02,2168.4508
2018-05-09,2165.6856
2018-05-16,2166.6919
2018-05-23,2169.326
2018-05-30,2177.4968
2018-06-06,2180.7155
2018-06-13,2177.1597
2018-06-20,2197.5089
2018-06-27,2193.4428
2018-07-04,2192.4594
2018-07-11,2207.3083
2018-07-18,2203.4847
2018-07-25,2198.917
2018-08-01,2201.3868
2018-08-08,2198.5732
2018-08-15,2204.4407
2018-08-22,2209.0751
2018-08-29,2212.0646
2018-09-05,2216.8631
2018-09-12,2217.8781
2018-09-19,2222.8565
2018-09-26,2223.6591
2018-10-03,2239.0623
2018-10-10,2240.6866
2018-10-17,2247.1142
2018-10-24,2251.8959
2018-10-31,2256.3557
2018-11-07,2258.0354
2018-11-14,2271.2053
2018-11-21,2279.6227
2018-11-28,2274.7053
2018-12-05,2285.4679
2018-12-12,2293.329
2018-12-19,2291.2161
2018-12-26,2314.7084
2019-01-02,2323.5922
2019-01-09,2324.7281
2019-01-16,2323.9777
2019-01-23,2325.602
2019-01-30,2315.5379
2019-02-06,2318.626
2019-02-13,2325.2323
2019-02-20,2334.2344
2019-02-27,2330.7627
2019-03-06,2342.1016
2019-03-13,2342.0998
2019-03-20,2342.0201
2019-03-27,2324.5858
2019-04-03,2323.5398
2019-04-10,2322.673
2019-04-17,2329.1117
2019-04-24,2324.3014
2019-05-01,2331.4127
2019-05-08,2324.063
2019-05-15,2334.6368
2019-05-22,2334.0779
2019-05-29,2329.6172
2019-06-05,2326.1526
2019-06-12,2331.018
2019-06-19,2335.1693
2019-06-26,2342.524
2019-07-03,2345.3658
2019-07-10,2340.4268
2019-07-17,2339.9726
2019-07-24,2347.2059
2019-07-31,2345.5454
2019-08-07,2348.4881
2019-08-14,2362.7325
2019-08-21,2369.2519
2019-08-28,2367.22
2019-09-04,2366.9532
2019-09-11,2363.9287
2019-09-18,2369.7124
2019-09-25,2376.9592
2019-10-02,2370.0199
2019-10-09,2365.8996
2019-10-16,2373.4983
2019-10-23,2367.7354
2019-10-30,2371.1365
2019-11-06,2371.1669
2019-11-13,2367.2009
2019-11-20,2365.9511
2019-11-27,2366.7659
2019-12-04,2359.2065
2019-12-11,2359.8069
2019-12-18,2358.4123
2019-12-25,2353.3418
2020-01-01,2345.1665
2020-01-08,2353.1227
2020-01-15,2353.595
2020-01-22,2354.79
2020-01-29,2348.7234
2020-02-05,2344.8247
2020-02-12,2337.4204
2020-02-19,2350.0943
2020-02-26,2349.2872
2020-03-04,2354.5672
2020-03-11,2377.7268
2020-03-18,2533.1856
2020-03-25,2695.727
2020-04-01,2790.9381
2020-04-08,2827.6018
2020-04-15,2873.5785
2020-04-22,2971.7371
2020-04-29,3005.2765
2020-05-06,3055.1543
2020-05-13,3063.1573
2020-05-20,3032.3403
2020-05-27,3014.4729
2020-06-03,2974.2897
2020-06-10,2959.9157
2020-06-17,2927.8876
2020-06-24,2900.8629
2020-07-01,2873.0118
2020-07-08,2862.844
2020-07-15,2860.7271
2020-07-22,2858.0653
2020-07-29,2840.6255
2020-08-05,2833.7493
2020-08-12,2825.7021
2020-08-19,2809.915
2020-08-26,2805.8992
2020-09-02,2791.2761
2020-09-09,2783.8423
2020-09-16,2763.6773
2020-09-23,2751.6718
2020-09-30,2724.8051
2020-10-07,2712.8822
2020-10-14,2701.6199
2020-10-21,2701.2987
2020-10-28,2686.637
2020-11-04,2659.4242
2020-11-11,2650.127
2020-11-18,2634.8535
2020-11-25,2625.8192
2020-12-02,2618.0196
2020-12-09,2604.631
2020-12-16,2592.5824
2020-12-23,2584.679
2020-12-30,2581.989
2021-01-06,2576.5244
2021-01-13,2567.1938
2021-01-20,2559.3846
2021-01-27,2559.5131
2021-02-03,2568.7607
2021-02-10,2573.5105
2021-02-17,2587.448
2021-02-24,2597.7882
2021-03-03,2600.5324
2021-03-10,2615.333
2021-03-17,2591.2726
2021-03-24,2576.1082
2021-03-31,2560.4587
2021-04-07,2563.2854
2021-04-14,2559.5823
2021-04-21,2545.961
2021-04-28,2547.1994
2021-05-05,2543.9723
2021-05-12,2546.4287
2021-05-19,2542.9839
2021-05-26,2535.5815
2021-06-02,2522.0985
2021-06-09,2508.2676
2021-06-16,2465.8241
2021-06-23,2451.4069
2021-06-30,2448.7316
2021-07-07,2448.8957
2021-07-14,2446.1696
2021-07-21,2441.8332
2021-07-28,2443.6174
2021-08-04,2438.3279
2021-08-11,2427.7627
2021-08-18,2418.5502
2021-08-25,2415.5042
2021-09-01,2420.71
2021-09-08,2416.3126
2021-09-15,2411.8204
2021-09-22,2404.0825
2021-09-29,2412.738
2021-10-06,2408.5909
2021-10-13,2410.373
2021-10-20,2414.8569
2021-10-27,2417.4211
2021-11-03,2429.2578
2021-11-10,2425.7251
2021-11-17,2421.725
2021-11-24,2423.9972
2021-12-01,2441.1515
2021-12-08,2447.7225
2021-12-15,2463.0744
2021-12-22,2476.9931
2021-12-29,2480.8437
2022-01-05,2487.5393
2022-01-12,2481.8084
2022-01-19,2481.9481
2022-01-26,2478.3633
2022-02-02,2478.1761
2022-02-09,2476.4631
2022-02-16,2482.5268
2022-02-23,2494.6371
2022-03-02,2518.9817
2022-03-09,2537.5225
2022-03-16,2540.8136
2022-03-23,2521.3165
2022-03-30,2527.8952
2022-04-06,2538.9688
2022-04-13,2562.4779
2022-04-20,2563.8837
2022-04-27,2568.897
2022-05-04,2577.2537
2022-05-11,2583.3965
2022-05-18,2598.8435
2022-05-25,2613.9275
2022-06-01,2628.3881
2022-06-08,2640.6726
2022-06-15,2658.5201
2022-06-22,2671.5577
2022-06-29,2677.5488
2022-07-06,2688.8431
2022-07-13,2685.9802
2022-07-20,2694.5363
2022-07-27,2700.2541
2022-08-03,2709.8317
2022-08-10,2714.041
2022-08-17,2721.3603
2022-08-24,2723.7704
2022-08-31,2719.4131
2022-09-07,2724.6725
2022-09-14,2737.4899
2022-09-21,2746.8656
2022-09-28,2748.8821
2022-10-05,2762.8931
2022-10-12,2769.5409
2022-10-19,2766.447
2022-10-26,2773.5849
2022-11-02,2781.1034
2022-11-09,2791.051
2022-11-16,2792.3559
2022-11-23,2803.2682
2022-11-30,2797.946
2022-12-07,2810.4748
2022-12-14,2814.9267
2022-12-21,2805.813
2022-12-28,2805.2222
2023-01-04,2803.3317
2023-01-11,2811.0683
2023-01-18,2813.3502
2023-01-25,2820.5572
2023-02-01,2812.9017
2023-02-08,2806.1885
2023-02-15,2798.1247
2023-02-22,2797.2343
2023-03-01,2802.2244
2023-03-08,2806.4142
2023-03-15,2827.1026
2023-03-22,2797.2564
